metric,value
Gross Sales,17080515.05
Net Revenue,14449920.0
COGS,8591482.83
Gross Profit,5858437.169999999
Logistics Cost,985539.8300000001
Marketing Spend,1563932.03
Contribution Profit,3308965.31
Profit,3308965.31
Gross Margin,0.40543042245216576
Contribution Margin,0.22899540689498626
Profit Margin,0.22899540689498626
