metric,value
Total Orders,18240.0
Total Units Sold,3883474.0
Gross Sales,17080515.05
Net Revenue,14449920.0
COGS,8591482.83
Gross Profit,5858437.169999999
Logistics Cost,985539.8300000001
Marketing Spend,1563932.03
Profit,3308965.31
Contribution Profit,3308965.3099999996
Profit Margin,0.22899540689498626
Gross Margin,0.40543042245216576
Contribution Margin,0.22899540689498624
COGS Ratio,0.5945695775478341
Logistics Cost Ratio,0.06820382604194349
Marketing Spend Ratio,0.10823118951523607
